Codi_Districte,Import_Euros,Nom_Districte,Nom_Barri,Seccio_Censal,Codi_Barri,Any
1,15940,Ciutat Vella,el Raval,1,1,2022
1,13841,Ciutat Vella,el Raval,2,1,2022
1,12732,Ciutat Vella,el Raval,3,1,2022
1,15749,Ciutat Vella,el Raval,4,1,2022
1,13190,Ciutat Vella,el Raval,5,1,2022
1,14262,Ciutat Vella,el Raval,6,1,2022
1,13335,Ciutat Vella,el Raval,7,1,2022
1,10692,Ciutat Vella,el Raval,8,1,2022
1,13723,Ciutat Vella,el Raval,9,1,2022
1,11833,Ciutat Vella,el Raval,10,1,2022
1,11708,Ciutat Vella,el Raval,11,1,2022
1,14737,Ciutat Vella,el Raval,12,1,2022
1,14851,Ciutat Vella,el Raval,13,1,2022
1,14082,Ciutat Vella,el Raval,14,1,2022
1,14744,Ciutat Vella,el Raval,15,1,2022
1,14277,Ciutat Vella,el Raval,16,1,2022
1,12292,Ciutat Vella,el Raval,17,1,2022
1,13914,Ciutat Vella,el Raval,18,1,2022
1,13991,Ciutat Vella,el Raval,19,1,2022
1,19278,Ciutat Vella,el Raval,20,1,2022
1,19473,Ciutat Vella,el Raval,21,1,2022
1,24330,Ciutat Vella,el Barri Gòtic,22,2,2022
1,20302,Ciutat Vella,el Barri Gòtic,23,2,2022
1,18972,Ciutat Vella,el Barri Gòtic,25,2,2022
1,20162,Ciutat Vella,el Barri Gòtic,26,2,2022
1,17614,Ciutat Vella,el Barri Gòtic,27,2,2022
1,19283,Ciutat Vella,el Barri Gòtic,28,2,2022
1,16012,Ciutat Vella,el Barri Gòtic,29,2,2022
1,15938,Ciutat Vella,el Barri Gòtic,30,2,2022
1,15400,Ciutat Vella,el Barri Gòtic,31,2,2022
1,19836,Ciutat Vella,la Barceloneta,32,3,2022
1,17188,Ciutat Vella,la Barceloneta,33,3,2022
1,17278,Ciutat Vella,la Barceloneta,34,3,2022
1,17458,Ciutat Vella,la Barceloneta,35,3,2022
1,17877,Ciutat Vella,la Barceloneta,36,3,2022
1,18627,Ciutat Vella,la Barceloneta,37,3,2022
1,16281,Ciutat Vella,la Barceloneta,38,3,2022
1,18053,Ciutat Vella,la Barceloneta,39,3,2022
1,19187,Ciutat Vella,la Barceloneta,40,3,2022
1,17187,Ciutat Vella,la Barceloneta,41,3,2022
1,18653,Ciutat Vella,la Barceloneta,42,3,2022
1,25186,Ciutat Vella,"Sant Pere, Santa Caterina i la Ribera",43,4,2022
1,20772,Ciutat Vella,"Sant Pere, Santa Caterina i la Ribera",44,4,2022
1,19646,Ciutat Vella,"Sant Pere, Santa Caterina i la Ribera",45,4,2022
1,17547,Ciutat Vella,"Sant Pere, Santa Caterina i la Ribera",46,4,2022
1,20023,Ciutat Vella,"Sant Pere, Santa Caterina i la Ribera",47,4,2022
1,15023,Ciutat Vella,"Sant Pere, Santa Caterina i la Ribera",48,4,2022
1,18668,Ciutat Vella,"Sant Pere, Santa Caterina i la Ribera",49,4,2022
1,17298,Ciutat Vella,"Sant Pere, Santa Caterina i la Ribera",50,4,2022
1,17760,Ciutat Vella,"Sant Pere, Santa Caterina i la Ribera",51,4,2022
1,24015,Ciutat Vella,"Sant Pere, Santa Caterina i la Ribera",52,4,2022
1,17569,Ciutat Vella,"Sant Pere, Santa Caterina i la Ribera",53,4,2022
1,18968,Ciutat Vella,"Sant Pere, Santa Caterina i la Ribera",54,4,2022
1,23042,Ciutat Vella,"Sant Pere, Santa Caterina i la Ribera",55,4,2022
2,22790,Eixample,el Fort Pienc,1,5,2022
2,23841,Eixample,el Fort Pienc,2,5,2022
2,26735,Eixample,el Fort Pienc,3,5,2022
2,20846,Eixample,el Fort Pienc,4,5,2022
2,25223,Eixample,el Fort Pienc,5,5,2022
2,26174,Eixample,el Fort Pienc,6,5,2022
2,28926,Eixample,el Fort Pienc,7,5,2022
2,26072,Eixample,el Fort Pienc,8,5,2022
2,25066,Eixample,el Fort Pienc,9,5,2022
2,23183,Eixample,el Fort Pienc,10,5,2022
2,24698,Eixample,el Fort Pienc,11,5,2022
2,20656,Eixample,el Fort Pienc,12,5,2022
2,21814,Eixample,el Fort Pienc,13,5,2022
2,20498,Eixample,el Fort Pienc,14,5,2022
2,20373,Eixample,el Fort Pienc,15,5,2022
2,26542,Eixample,el Fort Pienc,16,5,2022
2,26887,Eixample,el Fort Pienc,17,5,2022
2,25637,Eixample,el Fort Pienc,18,5,2022
2,24358,Eixample,el Fort Pienc,19,5,2022
2,22945,Eixample,el Fort Pienc,20,5,2022
2,23411,Eixample,la Sagrada Família,21,6,2022
2,23805,Eixample,la Sagrada Família,22,6,2022
2,24495,Eixample,la Sagrada Família,23,6,2022
2,21808,Eixample,la Sagrada Família,24,6,2022
2,22251,Eixample,la Sagrada Família,25,6,2022
2,22712,Eixample,la Sagrada Família,26,6,2022
2,23205,Eixample,la Sagrada Família,27,6,2022
2,23093,Eixample,la Sagrada Família,28,6,2022
2,23537,Eixample,la Sagrada Família,29,6,2022
2,19958,Eixample,la Sagrada Família,30,6,2022
2,25192,Eixample,la Sagrada Família,31,6,2022
2,24660,Eixample,la Sagrada Família,32,6,2022
2,23934,Eixample,la Sagrada Família,33,6,2022
2,21815,Eixample,la Sagrada Família,34,6,2022
2,25035,Eixample,la Sagrada Família,35,6,2022
2,25842,Eixample,la Sagrada Família,36,6,2022
2,27029,Eixample,la Sagrada Família,37,6,2022
2,26402,Eixample,la Sagrada Família,38,6,2022
2,23132,Eixample,la Sagrada Família,39,6,2022
2,20914,Eixample,la Sagrada Família,40,6,2022
2,23317,Eixample,la Sagrada Família,41,6,2022
2,25918,Eixample,la Sagrada Família,42,6,2022
2,24593,Eixample,la Sagrada Família,43,6,2022
2,21162,Eixample,la Sagrada Família,44,6,2022
2,25351,Eixample,la Sagrada Família,45,6,2022
2,21589,Eixample,la Sagrada Família,46,6,2022
2,22895,Eixample,la Sagrada Família,47,6,2022
2,22490,Eixample,la Sagrada Família,48,6,2022
2,22119,Eixample,la Sagrada Família,49,6,2022
2,23490,Eixample,la Sagrada Família,50,6,2022
2,20797,Eixample,la Sagrada Família,51,6,2022
2,24261,Eixample,la Sagrada Família,52,6,2022
2,24829,Eixample,la Sagrada Família,53,6,2022
2,24388,Eixample,la Sagrada Família,54,6,2022
2,25670,Eixample,la Dreta de l'Eixample,55,7,2022
2,26223,Eixample,la Dreta de l'Eixample,56,7,2022
2,32110,Eixample,la Dreta de l'Eixample,57,7,2022
2,29126,Eixample,la Dreta de l'Eixample,58,7,2022
2,28590,Eixample,la Dreta de l'Eixample,59,7,2022
2,26853,Eixample,la Dreta de l'Eixample,60,7,2022
2,25141,Eixample,la Dreta de l'Eixample,61,7,2022
2,29073,Eixample,la Dreta de l'Eixample,62,7,2022
2,33504,Eixample,la Dreta de l'Eixample,63,7,2022
2,34279,Eixample,la Dreta de l'Eixample,64,7,2022
2,26124,Eixample,la Dreta de l'Eixample,65,7,2022
2,26487,Eixample,la Dreta de l'Eixample,66,7,2022
2,24205,Eixample,la Dreta de l'Eixample,67,7,2022
2,24597,Eixample,la Dreta de l'Eixample,68,7,2022
2,27907,Eixample,la Dreta de l'Eixample,69,7,2022
2,29588,Eixample,la Dreta de l'Eixample,70,7,2022
2,30730,Eixample,la Dreta de l'Eixample,71,7,2022
2,32777,Eixample,la Dreta de l'Eixample,72,7,2022
2,29806,Eixample,la Dreta de l'Eixample,73,7,2022
2,32048,Eixample,la Dreta de l'Eixample,74,7,2022
2,29337,Eixample,la Dreta de l'Eixample,75,7,2022
2,33570,Eixample,la Dreta de l'Eixample,76,7,2022
2,27936,Eixample,la Dreta de l'Eixample,77,7,2022
2,30538,Eixample,la Dreta de l'Eixample,78,7,2022
2,34652,Eixample,la Dreta de l'Eixample,79,7,2022
2,29980,Eixample,la Dreta de l'Eixample,80,7,2022
2,32610,Eixample,la Dreta de l'Eixample,81,7,2022
2,35461,Eixample,la Dreta de l'Eixample,82,7,2022
2,35723,Eixample,la Dreta de l'Eixample,83,7,2022
2,29114,Eixample,l'Antiga Esquerra de l'Eixample,84,8,2022
2,29619,Eixample,l'Antiga Esquerra de l'Eixample,85,8,2022
2,31623,Eixample,l'Antiga Esquerra de l'Eixample,86,8,2022
2,28228,Eixample,l'Antiga Esquerra de l'Eixample,87,8,2022
2,30535,Eixample,l'Antiga Esquerra de l'Eixample,88,8,2022
2,28941,Eixample,l'Antiga Esquerra de l'Eixample,89,8,2022
2,26461,Eixample,l'Antiga Esquerra de l'Eixample,90,8,2022
2,27557,Eixample,l'Antiga Esquerra de l'Eixample,91,8,2022
2,26561,Eixample,l'Antiga Esquerra de l'Eixample,92,8,2022
2,26544,Eixample,l'Antiga Esquerra de l'Eixample,93,8,2022
2,27481,Eixample,l'Antiga Esquerra de l'Eixample,94,8,2022
2,27232,Eixample,l'Antiga Esquerra de l'Eixample,95,8,2022
2,24967,Eixample,l'Antiga Esquerra de l'Eixample,96,8,2022
2,25274,Eixample,l'Antiga Esquerra de l'Eixample,97,8,2022
2,28586,Eixample,l'Antiga Esquerra de l'Eixample,98,8,2022
2,29234,Eixample,l'Antiga Esquerra de l'Eixample,99,8,2022
2,27833,Eixample,l'Antiga Esquerra de l'Eixample,100,8,2022
2,26991,Eixample,l'Antiga Esquerra de l'Eixample,101,8,2022
2,31352,Eixample,l'Antiga Esquerra de l'Eixample,102,8,2022
2,23458,Eixample,l'Antiga Esquerra de l'Eixample,103,8,2022
2,28771,Eixample,l'Antiga Esquerra de l'Eixample,104,8,2022
2,24334,Eixample,l'Antiga Esquerra de l'Eixample,105,8,2022
2,30506,Eixample,l'Antiga Esquerra de l'Eixample,106,8,2022
2,29971,Eixample,l'Antiga Esquerra de l'Eixample,107,8,2022
2,31290,Eixample,l'Antiga Esquerra de l'Eixample,108,8,2022
2,32778,Eixample,l'Antiga Esquerra de l'Eixample,109,8,2022
2,26399,Eixample,la Nova Esquerra de l'Eixample,110,9,2022
2,26249,Eixample,la Nova Esquerra de l'Eixample,111,9,2022
2,32346,Eixample,la Nova Esquerra de l'Eixample,112,9,2022
2,30804,Eixample,la Nova Esquerra de l'Eixample,113,9,2022
2,26587,Eixample,la Nova Esquerra de l'Eixample,114,9,2022
2,24599,Eixample,la Nova Esquerra de l'Eixample,115,9,2022
2,30343,Eixample,la Nova Esquerra de l'Eixample,116,9,2022
2,24991,Eixample,la Nova Esquerra de l'Eixample,117,9,2022
2,29697,Eixample,la Nova Esquerra de l'Eixample,118,9,2022
2,27970,Eixample,la Nova Esquerra de l'Eixample,119,9,2022
2,25793,Eixample,la Nova Esquerra de l'Eixample,120,9,2022
2,28742,Eixample,la Nova Esquerra de l'Eixample,121,9,2022
2,28801,Eixample,la Nova Esquerra de l'Eixample,122,9,2022
2,25556,Eixample,la Nova Esquerra de l'Eixample,123,9,2022
2,27242,Eixample,la Nova Esquerra de l'Eixample,124,9,2022
2,26043,Eixample,la Nova Esquerra de l'Eixample,125,9,2022
2,28075,Eixample,la Nova Esquerra de l'Eixample,126,9,2022
2,24908,Eixample,la Nova Esquerra de l'Eixample,127,9,2022
2,24196,Eixample,la Nova Esquerra de l'Eixample,128,9,2022
2,22865,Eixample,Sant Antoni,166,10,2022
2,25179,Eixample,la Nova Esquerra de l'Eixample,129,9,2022
2,35407,Eixample,la Nova Esquerra de l'Eixample,130,9,2022
2,25947,Eixample,la Nova Esquerra de l'Eixample,131,9,2022
2,26171,Eixample,la Nova Esquerra de l'Eixample,132,9,2022
2,25551,Eixample,la Nova Esquerra de l'Eixample,133,9,2022
2,24148,Eixample,la Nova Esquerra de l'Eixample,134,9,2022
2,23347,Eixample,la Nova Esquerra de l'Eixample,135,9,2022
2,25572,Eixample,la Nova Esquerra de l'Eixample,136,9,2022
2,22926,Eixample,la Nova Esquerra de l'Eixample,137,9,2022
2,25759,Eixample,la Nova Esquerra de l'Eixample,138,9,2022
2,24784,Eixample,la Nova Esquerra de l'Eixample,139,9,2022
2,25629,Eixample,la Nova Esquerra de l'Eixample,140,9,2022
2,23865,Eixample,la Nova Esquerra de l'Eixample,141,9,2022
2,22294,Eixample,la Nova Esquerra de l'Eixample,142,9,2022
2,25002,Eixample,la Nova Esquerra de l'Eixample,143,9,2022
2,26948,Eixample,la Nova Esquerra de l'Eixample,144,9,2022
2,24336,Eixample,la Nova Esquerra de l'Eixample,145,9,2022
2,23632,Eixample,la Nova Esquerra de l'Eixample,146,9,2022
2,23710,Eixample,la Nova Esquerra de l'Eixample,147,9,2022
2,26725,Eixample,la Nova Esquerra de l'Eixample,148,9,2022
2,23965,Eixample,la Nova Esquerra de l'Eixample,149,9,2022
2,21546,Eixample,Sant Antoni,150,10,2022
2,24718,Eixample,Sant Antoni,151,10,2022
2,26290,Eixample,Sant Antoni,152,10,2022
2,26237,Eixample,Sant Antoni,153,10,2022
2,19916,Eixample,Sant Antoni,154,10,2022
2,22039,Eixample,Sant Antoni,155,10,2022
2,24740,Eixample,Sant Antoni,156,10,2022
2,22316,Eixample,Sant Antoni,157,10,2022
2,23191,Eixample,Sant Antoni,158,10,2022
2,23155,Eixample,Sant Antoni,159,10,2022
2,26665,Eixample,Sant Antoni,160,10,2022
2,24006,Eixample,Sant Antoni,161,10,2022
2,21963,Eixample,Sant Antoni,162,10,2022
2,25409,Eixample,Sant Antoni,163,10,2022
2,24182,Eixample,Sant Antoni,164,10,2022
2,25006,Eixample,Sant Antoni,165,10,2022
2,23870,Eixample,Sant Antoni,167,10,2022
2,23260,Eixample,Sant Antoni,168,10,2022
2,24208,Eixample,Sant Antoni,169,10,2022
2,23748,Eixample,Sant Antoni,170,10,2022
2,20799,Eixample,Sant Antoni,171,10,2022
2,22197,Eixample,Sant Antoni,172,10,2022
2,23774,Eixample,Sant Antoni,173,10,2022
3,20069,Sants-Montjuïc,el Poble Sec - AEI Parc Montjuïc,1,11,2022
3,18708,Sants-Montjuïc,el Poble Sec - AEI Parc Montjuïc,2,11,2022
3,17692,Sants-Montjuïc,el Poble Sec - AEI Parc Montjuïc,3,11,2022
3,21142,Sants-Montjuïc,el Poble Sec - AEI Parc Montjuïc,4,11,2022
3,18633,Sants-Montjuïc,el Poble Sec - AEI Parc Montjuïc,5,11,2022
3,19132,Sants-Montjuïc,el Poble Sec - AEI Parc Montjuïc,6,11,2022
3,18151,Sants-Montjuïc,el Poble Sec - AEI Parc Montjuïc,7,11,2022
3,18302,Sants-Montjuïc,el Poble Sec - AEI Parc Montjuïc,8,11,2022
3,19616,Sants-Montjuïc,el Poble Sec - AEI Parc Montjuïc,9,11,2022
3,17286,Sants-Montjuïc,el Poble Sec - AEI Parc Montjuïc,10,11,2022
3,15812,Sants-Montjuïc,el Poble Sec - AEI Parc Montjuïc,11,11,2022
3,18432,Sants-Montjuïc,el Poble Sec - AEI Parc Montjuïc,12,11,2022
3,17314,Sants-Montjuïc,el Poble Sec - AEI Parc Montjuïc,13,11,2022
3,17103,Sants-Montjuïc,el Poble Sec - AEI Parc Montjuïc,14,11,2022
3,17648,Sants-Montjuïc,el Poble Sec - AEI Parc Montjuïc,15,11,2022
3,17337,Sants-Montjuïc,el Poble Sec - AEI Parc Montjuïc,16,11,2022
3,16689,Sants-Montjuïc,el Poble Sec - AEI Parc Montjuïc,17,11,2022
3,18242,Sants-Montjuïc,el Poble Sec - AEI Parc Montjuïc,18,11,2022
3,17406,Sants-Montjuïc,el Poble Sec - AEI Parc Montjuïc,19,11,2022
3,20110,Sants-Montjuïc,el Poble Sec - AEI Parc Montjuïc,20,11,2022
3,20255,Sants-Montjuïc,el Poble Sec - AEI Parc Montjuïc,21,11,2022
3,20151,Sants-Montjuïc,el Poble Sec - AEI Parc Montjuïc,22,11,2022
3,17561,Sants-Montjuïc,el Poble Sec - AEI Parc Montjuïc,23,11,2022
3,17513,Sants-Montjuïc,el Poble Sec - AEI Parc Montjuïc,24,11,2022
3,16015,Sants-Montjuïc,la Marina del Prat Vermell - AEI Zona Franca,25,12,2022
3,18416,Sants-Montjuïc,la Marina de Port,26,13,2022
3,19920,Sants-Montjuïc,la Marina de Port,27,13,2022
3,22039,Sants-Montjuïc,la Marina de Port,28,13,2022
3,17742,Sants-Montjuïc,la Marina de Port,29,13,2022
3,19361,Sants-Montjuïc,la Marina de Port,30,13,2022
3,18179,Sants-Montjuïc,la Marina de Port,31,13,2022
3,16019,Sants-Montjuïc,la Marina de Port,32,13,2022
3,14603,Sants-Montjuïc,la Marina de Port,33,13,2022
3,18227,Sants-Montjuïc,la Marina de Port,34,13,2022
3,19380,Sants-Montjuïc,la Marina de Port,35,13,2022
3,20920,Sants-Montjuïc,la Marina de Port,36,13,2022
3,20697,Sants-Montjuïc,la Marina de Port,37,13,2022
3,15036,Sants-Montjuïc,la Marina de Port,38,13,2022
3,14267,Sants-Montjuïc,la Marina de Port,39,13,2022
3,23967,Sants-Montjuïc,la Font de la Guatlla,40,14,2022
3,20557,Sants-Montjuïc,la Font de la Guatlla,41,14,2022
3,20888,Sants-Montjuïc,la Font de la Guatlla,42,14,2022
3,21852,Sants-Montjuïc,la Font de la Guatlla,43,14,2022
3,19956,Sants-Montjuïc,la Font de la Guatlla,44,14,2022
3,21527,Sants-Montjuïc,la Font de la Guatlla,45,14,2022
3,24473,Sants-Montjuïc,la Font de la Guatlla,46,14,2022
3,20205,Sants-Montjuïc,Hostafrancs,47,15,2022
3,25306,Sants-Montjuïc,Hostafrancs,48,15,2022
3,21476,Sants-Montjuïc,Hostafrancs,49,15,2022
3,22613,Sants-Montjuïc,Hostafrancs,50,15,2022
3,18166,Sants-Montjuïc,Hostafrancs,51,15,2022
3,20152,Sants-Montjuïc,Hostafrancs,52,15,2022
3,18930,Sants-Montjuïc,Hostafrancs,53,15,2022
3,22160,Sants-Montjuïc,Hostafrancs,54,15,2022
4,29234,Les Corts,les Corts,14,19,2022
3,21161,Sants-Montjuïc,Hostafrancs,55,15,2022
3,20051,Sants-Montjuïc,Hostafrancs,56,15,2022
3,20487,Sants-Montjuïc,la Bordeta,57,16,2022
3,26006,Sants-Montjuïc,la Bordeta,58,16,2022
3,19658,Sants-Montjuïc,la Bordeta,59,16,2022
3,23481,Sants-Montjuïc,la Bordeta,60,16,2022
3,20652,Sants-Montjuïc,la Bordeta,61,16,2022
3,21116,Sants-Montjuïc,la Bordeta,62,16,2022
3,20791,Sants-Montjuïc,la Bordeta,63,16,2022
3,21528,Sants-Montjuïc,la Bordeta,64,16,2022
3,21382,Sants-Montjuïc,la Bordeta,65,16,2022
3,19338,Sants-Montjuïc,la Bordeta,66,16,2022
3,21399,Sants-Montjuïc,la Bordeta,67,16,2022
3,18598,Sants-Montjuïc,la Bordeta,68,16,2022
3,22069,Sants-Montjuïc,la Bordeta,69,16,2022
3,17892,Sants-Montjuïc,Sants - Badal,70,17,2022
3,18441,Sants-Montjuïc,Sants - Badal,71,17,2022
3,18574,Sants-Montjuïc,Sants - Badal,72,17,2022
3,21623,Sants-Montjuïc,Sants - Badal,73,17,2022
3,20800,Sants-Montjuïc,Sants - Badal,74,17,2022
3,19024,Sants-Montjuïc,Sants - Badal,75,17,2022
3,19553,Sants-Montjuïc,Sants - Badal,76,17,2022
3,19655,Sants-Montjuïc,Sants - Badal,77,17,2022
3,18867,Sants-Montjuïc,Sants - Badal,78,17,2022
3,18537,Sants-Montjuïc,Sants - Badal,79,17,2022
3,20231,Sants-Montjuïc,Sants - Badal,80,17,2022
3,20732,Sants-Montjuïc,Sants - Badal,81,17,2022
3,23596,Sants-Montjuïc,Sants - Badal,82,17,2022
3,21742,Sants-Montjuïc,Sants - Badal,83,17,2022
3,22127,Sants-Montjuïc,Sants - Badal,84,17,2022
3,24468,Sants-Montjuïc,Sants - Badal,85,17,2022
3,26299,Sants-Montjuïc,Sants,86,18,2022
3,24888,Sants-Montjuïc,Sants,87,18,2022
3,22442,Sants-Montjuïc,Sants,88,18,2022
3,23852,Sants-Montjuïc,Sants,89,18,2022
3,25943,Sants-Montjuïc,Sants,90,18,2022
3,23272,Sants-Montjuïc,Sants,91,18,2022
3,22462,Sants-Montjuïc,Sants,92,18,2022
3,23518,Sants-Montjuïc,Sants,93,18,2022
3,24128,Sants-Montjuïc,Sants,94,18,2022
3,22661,Sants-Montjuïc,Sants,95,18,2022
3,20296,Sants-Montjuïc,Sants,96,18,2022
3,16862,Sants-Montjuïc,Sants,97,18,2022
3,18931,Sants-Montjuïc,Sants,98,18,2022
3,21918,Sants-Montjuïc,Sants,99,18,2022
3,21683,Sants-Montjuïc,Sants,100,18,2022
3,21444,Sants-Montjuïc,Sants,101,18,2022
3,21738,Sants-Montjuïc,Sants,102,18,2022
3,21739,Sants-Montjuïc,Sants,103,18,2022
3,21102,Sants-Montjuïc,Sants,104,18,2022
3,20677,Sants-Montjuïc,Sants,105,18,2022
3,22139,Sants-Montjuïc,Sants,106,18,2022
3,21766,Sants-Montjuïc,Sants,107,18,2022
3,21840,Sants-Montjuïc,Sants,108,18,2022
3,23218,Sants-Montjuïc,Sants,109,18,2022
3,23572,Sants-Montjuïc,Sants,110,18,2022
3,23842,Sants-Montjuïc,Sants,111,18,2022
3,24910,Sants-Montjuïc,Sants,112,18,2022
3,29431,Sants-Montjuïc,Sants,113,18,2022
3,28033,Sants-Montjuïc,Sants,114,18,2022
3,19363,Sants-Montjuïc,la Marina de Port,211,13,2022
3,17868,Sants-Montjuïc,la Marina de Port,212,13,2022
3,15464,Sants-Montjuïc,la Marina de Port,213,13,2022
4,25302,Les Corts,les Corts,1,19,2022
4,26879,Les Corts,les Corts,2,19,2022
4,26841,Les Corts,les Corts,3,19,2022
4,25040,Les Corts,les Corts,4,19,2022
4,25649,Les Corts,les Corts,5,19,2022
4,26326,Les Corts,les Corts,6,19,2022
4,24148,Les Corts,les Corts,7,19,2022
4,23436,Les Corts,les Corts,8,19,2022
4,26050,Les Corts,les Corts,9,19,2022
4,29424,Les Corts,les Corts,10,19,2022
4,30053,Les Corts,les Corts,11,19,2022
4,28929,Les Corts,les Corts,12,19,2022
4,30302,Les Corts,les Corts,13,19,2022
4,27516,Les Corts,les Corts,15,19,2022
4,30137,Les Corts,les Corts,16,19,2022
4,29103,Les Corts,les Corts,17,19,2022
4,30988,Les Corts,les Corts,18,19,2022
4,35746,Les Corts,les Corts,19,19,2022
4,30640,Les Corts,les Corts,20,19,2022
4,34175,Les Corts,les Corts,21,19,2022
4,28396,Les Corts,les Corts,22,19,2022
4,40145,Les Corts,les Corts,23,19,2022
4,42299,Les Corts,les Corts,24,19,2022
4,28740,Les Corts,les Corts,25,19,2022
4,28094,Les Corts,les Corts,26,19,2022
4,29733,Les Corts,les Corts,27,19,2022
4,26632,Les Corts,les Corts,28,19,2022
4,31839,Les Corts,les Corts,29,19,2022
4,30001,Les Corts,les Corts,30,19,2022
4,26672,Les Corts,les Corts,31,19,2022
4,25739,Les Corts,les Corts,32,19,2022
4,25241,Les Corts,les Corts,33,19,2022
4,30986,Les Corts,les Corts,34,19,2022
4,28598,Les Corts,les Corts,35,19,2022
4,24241,Les Corts,la Maternitat i Sant Ramon,36,20,2022
4,25481,Les Corts,la Maternitat i Sant Ramon,37,20,2022
4,25111,Les Corts,la Maternitat i Sant Ramon,38,20,2022
4,23770,Les Corts,la Maternitat i Sant Ramon,39,20,2022
4,20566,Les Corts,la Maternitat i Sant Ramon,40,20,2022
4,21731,Les Corts,la Maternitat i Sant Ramon,41,20,2022
4,20164,Les Corts,la Maternitat i Sant Ramon,42,20,2022
4,28921,Les Corts,la Maternitat i Sant Ramon,43,20,2022
4,22852,Les Corts,la Maternitat i Sant Ramon,44,20,2022
4,23340,Les Corts,la Maternitat i Sant Ramon,45,20,2022
4,31150,Les Corts,la Maternitat i Sant Ramon,46,20,2022
4,26511,Les Corts,la Maternitat i Sant Ramon,47,20,2022
4,28498,Les Corts,la Maternitat i Sant Ramon,48,20,2022
4,38353,Les Corts,la Maternitat i Sant Ramon,49,20,2022
4,42688,Les Corts,Pedralbes,50,21,2022
4,31224,Les Corts,Pedralbes,51,21,2022
4,42718,Les Corts,Pedralbes,52,21,2022
4,25939,Les Corts,Pedralbes,53,21,2022
4,35950,Les Corts,Pedralbes,54,21,2022
4,43069,Les Corts,Pedralbes,55,21,2022
4,43325,Les Corts,Pedralbes,56,21,2022
4,30811,Les Corts,la Maternitat i Sant Ramon,84,20,2022
5,22779,Sarrià-St. Gervasi,"Vallvidrera, el Tibidabo i les Planes",1,22,2022
5,33172,Sarrià-St. Gervasi,"Vallvidrera, el Tibidabo i les Planes",2,22,2022
5,32833,Sarrià-St. Gervasi,"Vallvidrera, el Tibidabo i les Planes",3,22,2022
5,43273,Sarrià-St. Gervasi,Sarrià,4,23,2022
5,32579,Sarrià-St. Gervasi,Sarrià,5,23,2022
5,43253,Sarrià-St. Gervasi,Sarrià,6,23,2022
5,35129,Sarrià-St. Gervasi,Sarrià,7,23,2022
5,43189,Sarrià-St. Gervasi,Sarrià,8,23,2022
5,32367,Sarrià-St. Gervasi,Sarrià,9,23,2022
5,30338,Sarrià-St. Gervasi,Sarrià,10,23,2022
5,31733,Sarrià-St. Gervasi,Sarrià,11,23,2022
5,29677,Sarrià-St. Gervasi,Sarrià,12,23,2022
5,34728,Sarrià-St. Gervasi,Sarrià,13,23,2022
5,36363,Sarrià-St. Gervasi,Sarrià,14,23,2022
5,32862,Sarrià-St. Gervasi,Sarrià,15,23,2022
5,27137,Sarrià-St. Gervasi,Sarrià,16,23,2022
5,42969,Sarrià-St. Gervasi,Sarrià,17,23,2022
5,31722,Sarrià-St. Gervasi,Sarrià,18,23,2022
5,39823,Sarrià-St. Gervasi,Sarrià,19,23,2022
5,38910,Sarrià-St. Gervasi,les Tres Torres,20,24,2022
5,43205,Sarrià-St. Gervasi,les Tres Torres,21,24,2022
5,43027,Sarrià-St. Gervasi,les Tres Torres,22,24,2022
5,28562,Sarrià-St. Gervasi,les Tres Torres,23,24,2022
5,42217,Sarrià-St. Gervasi,les Tres Torres,24,24,2022
5,43199,Sarrià-St. Gervasi,les Tres Torres,25,24,2022
5,43194,Sarrià-St. Gervasi,les Tres Torres,26,24,2022
5,43246,Sarrià-St. Gervasi,les Tres Torres,27,24,2022
5,42701,Sarrià-St. Gervasi,les Tres Torres,28,24,2022
5,43324,Sarrià-St. Gervasi,les Tres Torres,29,24,2022
5,43201,Sarrià-St. Gervasi,les Tres Torres,30,24,2022
5,43001,Sarrià-St. Gervasi,Sant Gervasi - la Bonanova,31,25,2022
5,43308,Sarrià-St. Gervasi,Sant Gervasi - la Bonanova,32,25,2022
5,40263,Sarrià-St. Gervasi,Sant Gervasi - la Bonanova,33,25,2022
5,32509,Sarrià-St. Gervasi,Sant Gervasi - la Bonanova,34,25,2022
5,42303,Sarrià-St. Gervasi,Sant Gervasi - la Bonanova,35,25,2022
5,39757,Sarrià-St. Gervasi,Sant Gervasi - la Bonanova,36,25,2022
5,30840,Sarrià-St. Gervasi,Sant Gervasi - la Bonanova,37,25,2022
5,29317,Sarrià-St. Gervasi,Sant Gervasi - la Bonanova,38,25,2022
5,37427,Sarrià-St. Gervasi,Sant Gervasi - la Bonanova,39,25,2022
5,29072,Sarrià-St. Gervasi,Sant Gervasi - la Bonanova,40,25,2022
5,32266,Sarrià-St. Gervasi,Sant Gervasi - la Bonanova,41,25,2022
5,33486,Sarrià-St. Gervasi,Sant Gervasi - la Bonanova,42,25,2022
5,29496,Sarrià-St. Gervasi,Sant Gervasi - la Bonanova,43,25,2022
5,31196,Sarrià-St. Gervasi,Sant Gervasi - la Bonanova,44,25,2022
5,37769,Sarrià-St. Gervasi,Sant Gervasi - la Bonanova,45,25,2022
5,42767,Sarrià-St. Gervasi,Sant Gervasi - la Bonanova,46,25,2022
5,35000,Sarrià-St. Gervasi,Sant Gervasi - la Bonanova,47,25,2022
5,40207,Sarrià-St. Gervasi,Sant Gervasi - la Bonanova,48,25,2022
5,41972,Sarrià-St. Gervasi,Sant Gervasi - Galvany,49,26,2022
5,31876,Sarrià-St. Gervasi,Sant Gervasi - Galvany,50,26,2022
5,38555,Sarrià-St. Gervasi,Sant Gervasi - Galvany,51,26,2022
5,43208,Sarrià-St. Gervasi,Sant Gervasi - Galvany,52,26,2022
5,43116,Sarrià-St. Gervasi,Sant Gervasi - Galvany,53,26,2022
5,43231,Sarrià-St. Gervasi,Sant Gervasi - Galvany,54,26,2022
5,43191,Sarrià-St. Gervasi,Sant Gervasi - Galvany,55,26,2022
5,38417,Sarrià-St. Gervasi,Sant Gervasi - Galvany,56,26,2022
5,42668,Sarrià-St. Gervasi,Sant Gervasi - Galvany,57,26,2022
5,42862,Sarrià-St. Gervasi,Sant Gervasi - Galvany,58,26,2022
5,33580,Sarrià-St. Gervasi,Sant Gervasi - Galvany,59,26,2022
5,42956,Sarrià-St. Gervasi,Sant Gervasi - Galvany,60,26,2022
5,32739,Sarrià-St. Gervasi,Sant Gervasi - Galvany,61,26,2022
5,38614,Sarrià-St. Gervasi,Sant Gervasi - Galvany,62,26,2022
5,37872,Sarrià-St. Gervasi,Sant Gervasi - Galvany,63,26,2022
5,38472,Sarrià-St. Gervasi,Sant Gervasi - Galvany,64,26,2022
5,32027,Sarrià-St. Gervasi,Sant Gervasi - Galvany,65,26,2022
5,37690,Sarrià-St. Gervasi,Sant Gervasi - Galvany,66,26,2022
5,35280,Sarrià-St. Gervasi,Sant Gervasi - Galvany,67,26,2022
5,32194,Sarrià-St. Gervasi,Sant Gervasi - Galvany,68,26,2022
5,31766,Sarrià-St. Gervasi,Sant Gervasi - Galvany,69,26,2022
5,30090,Sarrià-St. Gervasi,Sant Gervasi - Galvany,70,26,2022
5,29842,Sarrià-St. Gervasi,Sant Gervasi - Galvany,71,26,2022
5,30802,Sarrià-St. Gervasi,Sant Gervasi - Galvany,72,26,2022
5,29657,Sarrià-St. Gervasi,Sant Gervasi - Galvany,73,26,2022
5,35750,Sarrià-St. Gervasi,Sant Gervasi - Galvany,74,26,2022
5,30936,Sarrià-St. Gervasi,Sant Gervasi - Galvany,75,26,2022
5,33011,Sarrià-St. Gervasi,Sant Gervasi - Galvany,76,26,2022
5,34763,Sarrià-St. Gervasi,Sant Gervasi - Galvany,77,26,2022
5,35831,Sarrià-St. Gervasi,Sant Gervasi - Galvany,78,26,2022
5,31811,Sarrià-St. Gervasi,Sant Gervasi - Galvany,79,26,2022
5,30910,Sarrià-St. Gervasi,el Putxet i el Farró,80,27,2022
5,28725,Sarrià-St. Gervasi,el Putxet i el Farró,81,27,2022
5,28627,Sarrià-St. Gervasi,el Putxet i el Farró,82,27,2022
5,29281,Sarrià-St. Gervasi,el Putxet i el Farró,83,27,2022
5,29095,Sarrià-St. Gervasi,el Putxet i el Farró,84,27,2022
5,26163,Sarrià-St. Gervasi,el Putxet i el Farró,85,27,2022
5,28430,Sarrià-St. Gervasi,el Putxet i el Farró,86,27,2022
5,29751,Sarrià-St. Gervasi,el Putxet i el Farró,87,27,2022
5,30623,Sarrià-St. Gervasi,el Putxet i el Farró,88,27,2022
5,30405,Sarrià-St. Gervasi,el Putxet i el Farró,89,27,2022
5,28507,Sarrià-St. Gervasi,el Putxet i el Farró,90,27,2022
5,24543,Sarrià-St. Gervasi,el Putxet i el Farró,91,27,2022
5,36670,Sarrià-St. Gervasi,el Putxet i el Farró,92,27,2022
6,28933,Gràcia,la Vila de Gràcia,35,31,2022
5,31787,Sarrià-St. Gervasi,el Putxet i el Farró,93,27,2022
5,34338,Sarrià-St. Gervasi,el Putxet i el Farró,94,27,2022
5,28250,Sarrià-St. Gervasi,el Putxet i el Farró,95,27,2022
5,27064,Sarrià-St. Gervasi,el Putxet i el Farró,96,27,2022
5,28125,Sarrià-St. Gervasi,el Putxet i el Farró,97,27,2022
5,28473,Sarrià-St. Gervasi,el Putxet i el Farró,98,27,2022
6,23380,Gràcia,Vallcarca i els Penitents,1,28,2022
6,24799,Gràcia,Vallcarca i els Penitents,2,28,2022
6,22039,Gràcia,Vallcarca i els Penitents,3,28,2022
6,25649,Gràcia,Vallcarca i els Penitents,4,28,2022
6,32132,Gràcia,Vallcarca i els Penitents,6,28,2022
6,27507,Gràcia,Vallcarca i els Penitents,7,28,2022
6,24441,Gràcia,Vallcarca i els Penitents,8,28,2022
6,32520,Gràcia,Vallcarca i els Penitents,9,28,2022
6,29772,Gràcia,Vallcarca i els Penitents,10,28,2022
6,27770,Gràcia,Vallcarca i els Penitents,11,28,2022
6,29751,Gràcia,Vallcarca i els Penitents,12,28,2022
6,23915,Gràcia,el Coll,13,29,2022
6,20817,Gràcia,el Coll,14,29,2022
6,20877,Gràcia,el Coll,15,29,2022
6,20016,Gràcia,el Coll,16,29,2022
6,21324,Gràcia,el Coll,17,29,2022
6,22640,Gràcia,la Salut,18,30,2022
6,23171,Gràcia,la Salut,19,30,2022
6,25624,Gràcia,la Salut,20,30,2022
6,27895,Gràcia,la Salut,21,30,2022
6,25352,Gràcia,la Salut,22,30,2022
6,26986,Gràcia,la Salut,23,30,2022
6,24724,Gràcia,la Salut,24,30,2022
6,27817,Gràcia,la Salut,25,30,2022
6,26536,Gràcia,la Salut,26,30,2022
6,26867,Gràcia,la Salut,27,30,2022
6,22197,Gràcia,la Vila de Gràcia,28,31,2022
6,26154,Gràcia,la Vila de Gràcia,29,31,2022
6,22949,Gràcia,la Vila de Gràcia,30,31,2022
6,24768,Gràcia,la Vila de Gràcia,31,31,2022
6,23563,Gràcia,la Vila de Gràcia,32,31,2022
6,24948,Gràcia,la Vila de Gràcia,33,31,2022
6,23669,Gràcia,la Vila de Gràcia,34,31,2022
6,26608,Gràcia,la Vila de Gràcia,36,31,2022
6,25826,Gràcia,la Vila de Gràcia,37,31,2022
6,24022,Gràcia,la Vila de Gràcia,38,31,2022
6,23385,Gràcia,la Vila de Gràcia,39,31,2022
6,26545,Gràcia,la Vila de Gràcia,40,31,2022
6,26110,Gràcia,la Vila de Gràcia,41,31,2022
6,26734,Gràcia,la Vila de Gràcia,42,31,2022
6,27275,Gràcia,la Vila de Gràcia,43,31,2022
6,31579,Gràcia,la Vila de Gràcia,44,31,2022
6,26379,Gràcia,la Vila de Gràcia,45,31,2022
6,24360,Gràcia,la Vila de Gràcia,46,31,2022
6,23056,Gràcia,la Vila de Gràcia,47,31,2022
6,23808,Gràcia,la Vila de Gràcia,48,31,2022
6,24946,Gràcia,la Vila de Gràcia,49,31,2022
6,21888,Gràcia,la Vila de Gràcia,50,31,2022
6,25406,Gràcia,la Vila de Gràcia,51,31,2022
6,24910,Gràcia,la Vila de Gràcia,52,31,2022
6,25586,Gràcia,la Vila de Gràcia,53,31,2022
6,23073,Gràcia,la Vila de Gràcia,54,31,2022
6,25464,Gràcia,la Vila de Gràcia,55,31,2022
6,23848,Gràcia,la Vila de Gràcia,56,31,2022
6,22529,Gràcia,la Vila de Gràcia,57,31,2022
6,25422,Gràcia,la Vila de Gràcia,58,31,2022
6,23641,Gràcia,la Vila de Gràcia,59,31,2022
6,23287,Gràcia,la Vila de Gràcia,60,31,2022
6,22913,Gràcia,la Vila de Gràcia,61,31,2022
6,22306,Gràcia,la Vila de Gràcia,62,31,2022
6,23502,Gràcia,la Vila de Gràcia,63,31,2022
6,25106,Gràcia,el Camp d'en Grassot i Gràcia Nova,64,32,2022
6,27076,Gràcia,el Camp d'en Grassot i Gràcia Nova,65,32,2022
6,26665,Gràcia,el Camp d'en Grassot i Gràcia Nova,66,32,2022
6,24780,Gràcia,el Camp d'en Grassot i Gràcia Nova,67,32,2022
6,28036,Gràcia,el Camp d'en Grassot i Gràcia Nova,68,32,2022
6,26344,Gràcia,el Camp d'en Grassot i Gràcia Nova,69,32,2022
6,24000,Gràcia,el Camp d'en Grassot i Gràcia Nova,70,32,2022
6,25558,Gràcia,el Camp d'en Grassot i Gràcia Nova,71,32,2022
6,28615,Gràcia,el Camp d'en Grassot i Gràcia Nova,72,32,2022
6,24571,Gràcia,el Camp d'en Grassot i Gràcia Nova,73,32,2022
6,24110,Gràcia,el Camp d'en Grassot i Gràcia Nova,74,32,2022
6,27749,Gràcia,el Camp d'en Grassot i Gràcia Nova,75,32,2022
6,26016,Gràcia,el Camp d'en Grassot i Gràcia Nova,76,32,2022
6,23259,Gràcia,el Camp d'en Grassot i Gràcia Nova,77,32,2022
6,23649,Gràcia,el Camp d'en Grassot i Gràcia Nova,78,32,2022
6,24963,Gràcia,el Camp d'en Grassot i Gràcia Nova,79,32,2022
6,24015,Gràcia,el Camp d'en Grassot i Gràcia Nova,80,32,2022
6,24419,Gràcia,el Camp d'en Grassot i Gràcia Nova,81,32,2022
6,24999,Gràcia,el Camp d'en Grassot i Gràcia Nova,82,32,2022
6,26761,Gràcia,el Camp d'en Grassot i Gràcia Nova,83,32,2022
6,24548,Gràcia,el Camp d'en Grassot i Gràcia Nova,84,32,2022
6,25965,Gràcia,el Camp d'en Grassot i Gràcia Nova,85,32,2022
6,29092,Gràcia,el Camp d'en Grassot i Gràcia Nova,86,32,2022
6,28118,Gràcia,el Camp d'en Grassot i Gràcia Nova,87,32,2022
6,24840,Gràcia,el Camp d'en Grassot i Gràcia Nova,88,32,2022
7,25416,Horta-Guinardó,el Baix Guinardó,1,33,2022
7,22961,Horta-Guinardó,el Baix Guinardó,2,33,2022
7,23631,Horta-Guinardó,el Baix Guinardó,3,33,2022
7,21469,Horta-Guinardó,el Baix Guinardó,4,33,2022
7,22432,Horta-Guinardó,el Baix Guinardó,5,33,2022
7,24182,Horta-Guinardó,el Baix Guinardó,6,33,2022
7,22021,Horta-Guinardó,el Baix Guinardó,7,33,2022
7,23050,Horta-Guinardó,el Baix Guinardó,8,33,2022
7,21928,Horta-Guinardó,el Baix Guinardó,9,33,2022
7,24443,Horta-Guinardó,el Baix Guinardó,10,33,2022
7,22371,Horta-Guinardó,el Baix Guinardó,11,33,2022
7,21250,Horta-Guinardó,el Baix Guinardó,12,33,2022
7,24307,Horta-Guinardó,el Baix Guinardó,13,33,2022
7,20062,Horta-Guinardó,el Baix Guinardó,14,33,2022
7,19908,Horta-Guinardó,el Baix Guinardó,15,33,2022
7,24961,Horta-Guinardó,el Baix Guinardó,16,33,2022
7,21865,Horta-Guinardó,el Baix Guinardó,17,33,2022
7,20436,Horta-Guinardó,el Baix Guinardó,18,33,2022
7,22616,Horta-Guinardó,el Baix Guinardó,19,33,2022
7,19694,Horta-Guinardó,Can Baró,20,34,2022
7,24977,Horta-Guinardó,Can Baró,21,34,2022
7,21630,Horta-Guinardó,Can Baró,22,34,2022
7,19391,Horta-Guinardó,Can Baró,23,34,2022
7,20791,Horta-Guinardó,Can Baró,24,34,2022
7,19826,Horta-Guinardó,Can Baró,25,34,2022
7,20590,Horta-Guinardó,Can Baró,26,34,2022
7,19595,Horta-Guinardó,el Guinardó,27,35,2022
7,21610,Horta-Guinardó,el Guinardó,28,35,2022
7,23507,Horta-Guinardó,el Guinardó,29,35,2022
7,19550,Horta-Guinardó,el Guinardó,30,35,2022
7,18942,Horta-Guinardó,el Guinardó,31,35,2022
7,21175,Horta-Guinardó,el Guinardó,32,35,2022
7,22382,Horta-Guinardó,el Guinardó,33,35,2022
7,24387,Horta-Guinardó,el Guinardó,34,35,2022
7,24068,Horta-Guinardó,el Guinardó,35,35,2022
7,24548,Horta-Guinardó,el Guinardó,36,35,2022
7,21604,Horta-Guinardó,el Guinardó,37,35,2022
7,21428,Horta-Guinardó,el Guinardó,38,35,2022
7,23212,Horta-Guinardó,el Guinardó,39,35,2022
7,22522,Horta-Guinardó,el Guinardó,40,35,2022
7,20622,Horta-Guinardó,el Guinardó,41,35,2022
7,22077,Horta-Guinardó,el Guinardó,42,35,2022
7,22411,Horta-Guinardó,el Guinardó,43,35,2022
7,23412,Horta-Guinardó,el Guinardó,44,35,2022
7,20855,Horta-Guinardó,el Guinardó,45,35,2022
7,21084,Horta-Guinardó,el Guinardó,46,35,2022
7,20879,Horta-Guinardó,el Guinardó,47,35,2022
7,21925,Horta-Guinardó,el Guinardó,48,35,2022
7,21457,Horta-Guinardó,el Guinardó,49,35,2022
7,21024,Horta-Guinardó,el Guinardó,50,35,2022
7,21631,Horta-Guinardó,el Guinardó,51,35,2022
7,27649,Horta-Guinardó,la Font d'en Fargues,52,36,2022
7,23584,Horta-Guinardó,la Font d'en Fargues,53,36,2022
7,28932,Horta-Guinardó,la Font d'en Fargues,54,36,2022
7,31861,Horta-Guinardó,la Font d'en Fargues,55,36,2022
7,23906,Horta-Guinardó,la Font d'en Fargues,56,36,2022
7,24089,Horta-Guinardó,la Font d'en Fargues,57,36,2022
7,23141,Horta-Guinardó,la Font d'en Fargues,58,36,2022
7,17839,Horta-Guinardó,el Carmel,59,37,2022
7,17555,Horta-Guinardó,el Carmel,60,37,2022
7,18232,Horta-Guinardó,el Carmel,61,37,2022
7,18168,Horta-Guinardó,el Carmel,62,37,2022
7,15513,Horta-Guinardó,el Carmel,63,37,2022
7,16272,Horta-Guinardó,el Carmel,64,37,2022
7,14706,Horta-Guinardó,el Carmel,65,37,2022
7,15431,Horta-Guinardó,el Carmel,66,37,2022
7,15392,Horta-Guinardó,el Carmel,67,37,2022
7,14717,Horta-Guinardó,el Carmel,68,37,2022
7,15466,Horta-Guinardó,el Carmel,69,37,2022
7,15987,Horta-Guinardó,el Carmel,70,37,2022
7,18073,Horta-Guinardó,el Carmel,71,37,2022
7,17568,Horta-Guinardó,el Carmel,72,37,2022
7,15826,Horta-Guinardó,el Carmel,73,37,2022
7,16393,Horta-Guinardó,el Carmel,74,37,2022
7,15711,Horta-Guinardó,el Carmel,75,37,2022
7,16429,Horta-Guinardó,el Carmel,76,37,2022
7,16079,Horta-Guinardó,el Carmel,77,37,2022
7,16140,Horta-Guinardó,el Carmel,78,37,2022
7,15950,Horta-Guinardó,el Carmel,79,37,2022
7,17236,Horta-Guinardó,el Carmel,80,37,2022
7,18792,Horta-Guinardó,la Teixonera,81,38,2022
7,17614,Horta-Guinardó,la Teixonera,82,38,2022
7,16707,Horta-Guinardó,la Teixonera,83,38,2022
7,17574,Horta-Guinardó,la Teixonera,84,38,2022
7,18443,Horta-Guinardó,la Teixonera,85,38,2022
7,17016,Horta-Guinardó,la Teixonera,86,38,2022
7,18502,Horta-Guinardó,la Teixonera,87,38,2022
7,18082,Horta-Guinardó,la Teixonera,88,38,2022
7,20646,Horta-Guinardó,Sant Genís dels Agudells,89,39,2022
7,19094,Horta-Guinardó,Sant Genís dels Agudells,90,39,2022
7,19682,Horta-Guinardó,Sant Genís dels Agudells,91,39,2022
7,14991,Horta-Guinardó,Sant Genís dels Agudells,92,39,2022
7,18366,Horta-Guinardó,Sant Genís dels Agudells,93,39,2022
7,20531,Horta-Guinardó,Montbau,94,40,2022
7,20602,Horta-Guinardó,Montbau,95,40,2022
7,19197,Horta-Guinardó,Montbau,96,40,2022
7,23770,Horta-Guinardó,Montbau,97,40,2022
7,27418,Horta-Guinardó,la Vall d'Hebron,98,41,2022
7,23975,Horta-Guinardó,la Vall d'Hebron,99,41,2022
7,20867,Horta-Guinardó,la Vall d'Hebron,100,41,2022
7,21312,Horta-Guinardó,la Vall d'Hebron,101,41,2022
7,20747,Horta-Guinardó,la Clota,102,42,2022
7,19387,Horta-Guinardó,Horta,103,43,2022
7,18424,Horta-Guinardó,Horta,104,43,2022
7,23240,Horta-Guinardó,Horta,105,43,2022
7,21676,Horta-Guinardó,Horta,106,43,2022
7,25143,Horta-Guinardó,Horta,107,43,2022
7,22000,Horta-Guinardó,Horta,108,43,2022
7,18314,Horta-Guinardó,Horta,109,43,2022
7,22126,Horta-Guinardó,Horta,110,43,2022
7,24864,Horta-Guinardó,Horta,111,43,2022
7,22005,Horta-Guinardó,Horta,112,43,2022
7,19542,Horta-Guinardó,Horta,113,43,2022
7,22912,Horta-Guinardó,Horta,114,43,2022
7,26196,Horta-Guinardó,Horta,115,43,2022
7,21109,Horta-Guinardó,Horta,116,43,2022
7,22640,Horta-Guinardó,Horta,117,43,2022
7,21854,Horta-Guinardó,Horta,118,43,2022
7,19016,Horta-Guinardó,Horta,119,43,2022
7,19704,Horta-Guinardó,Horta,120,43,2022
7,17469,Horta-Guinardó,Horta,121,43,2022
7,20602,Horta-Guinardó,Horta,122,43,2022
7,22463,Horta-Guinardó,Horta,123,43,2022
8,20129,Nou Barris,Vilapicina i la Torre Llobeta,1,44,2022
8,22058,Nou Barris,Vilapicina i la Torre Llobeta,2,44,2022
8,19709,Nou Barris,Vilapicina i la Torre Llobeta,3,44,2022
8,18664,Nou Barris,Vilapicina i la Torre Llobeta,4,44,2022
8,20424,Nou Barris,Vilapicina i la Torre Llobeta,5,44,2022
8,20200,Nou Barris,Vilapicina i la Torre Llobeta,6,44,2022
8,21252,Nou Barris,Vilapicina i la Torre Llobeta,7,44,2022
8,20996,Nou Barris,Vilapicina i la Torre Llobeta,8,44,2022
8,19055,Nou Barris,Vilapicina i la Torre Llobeta,9,44,2022
8,23078,Nou Barris,Vilapicina i la Torre Llobeta,10,44,2022
8,21636,Nou Barris,Vilapicina i la Torre Llobeta,11,44,2022
8,21330,Nou Barris,Vilapicina i la Torre Llobeta,12,44,2022
8,19916,Nou Barris,Vilapicina i la Torre Llobeta,13,44,2022
8,18815,Nou Barris,Vilapicina i la Torre Llobeta,14,44,2022
8,17852,Nou Barris,Vilapicina i la Torre Llobeta,15,44,2022
8,20176,Nou Barris,Vilapicina i la Torre Llobeta,16,44,2022
8,21311,Nou Barris,Vilapicina i la Torre Llobeta,17,44,2022
8,19952,Nou Barris,Vilapicina i la Torre Llobeta,18,44,2022
8,18238,Nou Barris,Vilapicina i la Torre Llobeta,19,44,2022
8,19317,Nou Barris,Porta,20,45,2022
8,20474,Nou Barris,Porta,21,45,2022
8,19884,Nou Barris,Porta,22,45,2022
8,18004,Nou Barris,Porta,23,45,2022
8,18249,Nou Barris,Porta,24,45,2022
8,17137,Nou Barris,Porta,25,45,2022
8,20065,Nou Barris,Porta,26,45,2022
8,21780,Nou Barris,Porta,27,45,2022
8,18350,Nou Barris,Porta,28,45,2022
8,16529,Nou Barris,Porta,29,45,2022
8,17992,Nou Barris,Porta,30,45,2022
8,18605,Nou Barris,Porta,31,45,2022
8,19290,Nou Barris,Porta,32,45,2022
8,16200,Nou Barris,Porta,33,45,2022
8,15669,Nou Barris,Porta,34,45,2022
8,18517,Nou Barris,Porta,35,45,2022
8,15265,Nou Barris,Porta,36,45,2022
8,17333,Nou Barris,Porta,37,45,2022
8,16048,Nou Barris,el Turó de la Peira,38,46,2022
8,16899,Nou Barris,el Turó de la Peira,39,46,2022
8,14803,Nou Barris,el Turó de la Peira,40,46,2022
8,12691,Nou Barris,el Turó de la Peira,41,46,2022
8,19156,Nou Barris,el Turó de la Peira,42,46,2022
8,17806,Nou Barris,el Turó de la Peira,43,46,2022
8,14895,Nou Barris,el Turó de la Peira,44,46,2022
8,14644,Nou Barris,el Turó de la Peira,45,46,2022
8,16448,Nou Barris,el Turó de la Peira,46,46,2022
8,13864,Nou Barris,el Turó de la Peira,47,46,2022
8,13060,Nou Barris,Can Peguera,48,47,2022
8,16104,Nou Barris,Can Peguera,49,47,2022
8,22846,Nou Barris,la Guineueta,50,48,2022
8,20901,Nou Barris,la Guineueta,51,48,2022
8,19848,Nou Barris,la Guineueta,52,48,2022
8,22200,Nou Barris,la Guineueta,53,48,2022
8,19726,Nou Barris,la Guineueta,54,48,2022
8,24182,Nou Barris,la Guineueta,55,48,2022
8,18071,Nou Barris,la Guineueta,56,48,2022
8,19090,Nou Barris,la Guineueta,57,48,2022
8,17557,Nou Barris,la Guineueta,58,48,2022
8,18568,Nou Barris,la Guineueta,59,48,2022
8,20441,Nou Barris,Canyelles,60,49,2022
8,18152,Nou Barris,Canyelles,61,49,2022
8,19957,Nou Barris,Canyelles,62,49,2022
8,21996,Nou Barris,Canyelles,63,49,2022
8,17417,Nou Barris,Canyelles,64,49,2022
8,13512,Nou Barris,les Roquetes,65,50,2022
8,12710,Nou Barris,les Roquetes,66,50,2022
8,15844,Nou Barris,les Roquetes,67,50,2022
8,13577,Nou Barris,les Roquetes,68,50,2022
8,13900,Nou Barris,les Roquetes,69,50,2022
8,13588,Nou Barris,les Roquetes,70,50,2022
8,14665,Nou Barris,les Roquetes,71,50,2022
8,16226,Nou Barris,les Roquetes,72,50,2022
8,12531,Nou Barris,les Roquetes,73,50,2022
8,13673,Nou Barris,les Roquetes,74,50,2022
8,15927,Nou Barris,Verdun,75,51,2022
8,16526,Nou Barris,Verdun,76,51,2022
8,13873,Nou Barris,Verdun,77,51,2022
8,14750,Nou Barris,Verdun,78,51,2022
8,14573,Nou Barris,Verdun,79,51,2022
8,15570,Nou Barris,Verdun,80,51,2022
8,13872,Nou Barris,Verdun,81,51,2022
8,16018,Nou Barris,Verdun,82,51,2022
8,16120,Nou Barris,la Prosperitat,83,52,2022
8,17480,Nou Barris,la Prosperitat,84,52,2022
8,16020,Nou Barris,la Prosperitat,85,52,2022
8,16763,Nou Barris,la Prosperitat,86,52,2022
8,16875,Nou Barris,la Prosperitat,87,52,2022
8,16395,Nou Barris,la Prosperitat,88,52,2022
8,17192,Nou Barris,la Prosperitat,89,52,2022
8,17676,Nou Barris,la Prosperitat,90,52,2022
8,17330,Nou Barris,la Prosperitat,91,52,2022
8,18226,Nou Barris,la Prosperitat,92,52,2022
8,16444,Nou Barris,la Prosperitat,93,52,2022
8,17553,Nou Barris,la Prosperitat,94,52,2022
8,20457,Nou Barris,la Prosperitat,95,52,2022
8,17424,Nou Barris,la Prosperitat,96,52,2022
8,16585,Nou Barris,la Prosperitat,97,52,2022
8,15885,Nou Barris,la Prosperitat,98,52,2022
8,15910,Nou Barris,la Prosperitat,99,52,2022
8,16303,Nou Barris,la Prosperitat,100,52,2022
8,17362,Nou Barris,la Prosperitat,101,52,2022
8,14765,Nou Barris,la Prosperitat,102,52,2022
8,12476,Nou Barris,la Trinitat Nova,103,53,2022
8,14232,Nou Barris,la Trinitat Nova,104,53,2022
8,14512,Nou Barris,la Trinitat Nova,105,53,2022
8,13229,Nou Barris,la Trinitat Nova,106,53,2022
8,14515,Nou Barris,la Trinitat Nova,107,53,2022
8,12951,Nou Barris,Torre Baró,108,54,2022
8,12687,Nou Barris,Torre Baró,109,54,2022
8,10703,Nou Barris,Ciutat Meridiana,110,55,2022
8,11465,Nou Barris,Ciutat Meridiana,111,55,2022
8,12000,Nou Barris,Ciutat Meridiana,112,55,2022
8,11690,Nou Barris,Ciutat Meridiana,113,55,2022
8,12653,Nou Barris,Ciutat Meridiana,114,55,2022
8,12268,Nou Barris,Ciutat Meridiana,115,55,2022
8,13420,Nou Barris,Vallbona,116,56,2022
8,20187,Nou Barris,la Guineueta,215,48,2022
9,11277,Sant Andreu,la Trinitat Vella,1,57,2022
9,12393,Sant Andreu,la Trinitat Vella,2,57,2022
9,13022,Sant Andreu,la Trinitat Vella,3,57,2022
9,13679,Sant Andreu,la Trinitat Vella,4,57,2022
9,17357,Sant Andreu,la Trinitat Vella,5,57,2022
9,14087,Sant Andreu,Baró de Viver,6,58,2022
9,13270,Sant Andreu,Baró de Viver,7,58,2022
9,24696,Sant Andreu,el Bon Pastor,8,59,2022
9,19108,Sant Andreu,el Bon Pastor,9,59,2022
9,17028,Sant Andreu,el Bon Pastor,10,59,2022
9,14841,Sant Andreu,el Bon Pastor,11,59,2022
9,12416,Sant Andreu,el Bon Pastor,13,59,2022
9,14732,Sant Andreu,el Bon Pastor,14,59,2022
9,14743,Sant Andreu,el Bon Pastor,15,59,2022
9,21314,Sant Andreu,Sant Andreu,16,60,2022
9,22016,Sant Andreu,Sant Andreu,17,60,2022
9,20929,Sant Andreu,Sant Andreu,18,60,2022
9,22931,Sant Andreu,Sant Andreu,19,60,2022
9,22242,Sant Andreu,Sant Andreu,20,60,2022
9,23321,Sant Andreu,Sant Andreu,21,60,2022
9,24586,Sant Andreu,Sant Andreu,22,60,2022
9,23648,Sant Andreu,Sant Andreu,23,60,2022
9,23373,Sant Andreu,Sant Andreu,24,60,2022
9,23950,Sant Andreu,Sant Andreu,25,60,2022
9,24432,Sant Andreu,Sant Andreu,26,60,2022
9,23471,Sant Andreu,Sant Andreu,27,60,2022
9,26624,Sant Andreu,Sant Andreu,28,60,2022
9,21277,Sant Andreu,Sant Andreu,29,60,2022
9,23353,Sant Andreu,Sant Andreu,30,60,2022
9,23746,Sant Andreu,Sant Andreu,31,60,2022
9,18070,Sant Andreu,Sant Andreu,32,60,2022
9,21203,Sant Andreu,Sant Andreu,33,60,2022
9,18569,Sant Andreu,Sant Andreu,34,60,2022
9,21231,Sant Andreu,Sant Andreu,35,60,2022
9,22005,Sant Andreu,Sant Andreu,36,60,2022
9,18399,Sant Andreu,Sant Andreu,37,60,2022
9,22418,Sant Andreu,Sant Andreu,38,60,2022
9,21937,Sant Andreu,Sant Andreu,39,60,2022
9,23237,Sant Andreu,Sant Andreu,40,60,2022
9,20990,Sant Andreu,Sant Andreu,41,60,2022
9,23540,Sant Andreu,Sant Andreu,42,60,2022
9,21034,Sant Andreu,Sant Andreu,43,60,2022
9,22297,Sant Andreu,Sant Andreu,44,60,2022
9,22165,Sant Andreu,Sant Andreu,45,60,2022
9,23688,Sant Andreu,Sant Andreu,46,60,2022
9,23996,Sant Andreu,Sant Andreu,47,60,2022
9,21629,Sant Andreu,Sant Andreu,48,60,2022
9,20657,Sant Andreu,Sant Andreu,49,60,2022
9,22618,Sant Andreu,Sant Andreu,50,60,2022
9,23330,Sant Andreu,Sant Andreu,51,60,2022
9,22080,Sant Andreu,Sant Andreu,52,60,2022
9,23773,Sant Andreu,Sant Andreu,53,60,2022
9,23239,Sant Andreu,Sant Andreu,54,60,2022
9,17337,Sant Andreu,la Sagrera,55,61,2022
9,21923,Sant Andreu,la Sagrera,56,61,2022
9,19893,Sant Andreu,la Sagrera,57,61,2022
9,22175,Sant Andreu,la Sagrera,58,61,2022
9,21973,Sant Andreu,la Sagrera,59,61,2022
9,20304,Sant Andreu,la Sagrera,60,61,2022
9,23549,Sant Andreu,la Sagrera,61,61,2022
9,22296,Sant Andreu,la Sagrera,62,61,2022
9,24254,Sant Andreu,la Sagrera,63,61,2022
9,21811,Sant Andreu,la Sagrera,64,61,2022
9,20264,Sant Andreu,la Sagrera,65,61,2022
9,23978,Sant Andreu,la Sagrera,66,61,2022
9,19402,Sant Andreu,la Sagrera,67,61,2022
9,22022,Sant Andreu,la Sagrera,68,61,2022
9,20853,Sant Andreu,la Sagrera,69,61,2022
9,15935,Sant Andreu,la Sagrera,70,61,2022
9,19497,Sant Andreu,la Sagrera,71,61,2022
9,17767,Sant Andreu,la Sagrera,72,61,2022
9,21485,Sant Andreu,la Sagrera,73,61,2022
9,19705,Sant Andreu,el Congrés i els Indians,74,62,2022
9,19142,Sant Andreu,el Congrés i els Indians,75,62,2022
9,19956,Sant Andreu,el Congrés i els Indians,76,62,2022
9,21565,Sant Andreu,el Congrés i els Indians,77,62,2022
9,21894,Sant Andreu,el Congrés i els Indians,78,62,2022
9,21693,Sant Andreu,el Congrés i els Indians,79,62,2022
9,22030,Sant Andreu,el Congrés i els Indians,80,62,2022
9,21234,Sant Andreu,el Congrés i els Indians,81,62,2022
9,20410,Sant Andreu,el Congrés i els Indians,82,62,2022
9,21167,Sant Andreu,Navas,83,63,2022
9,22999,Sant Andreu,Navas,84,63,2022
9,21830,Sant Andreu,Navas,85,63,2022
9,20936,Sant Andreu,Navas,86,63,2022
9,23036,Sant Andreu,Navas,87,63,2022
9,19745,Sant Andreu,Navas,88,63,2022
9,20243,Sant Andreu,Navas,89,63,2022
9,19808,Sant Andreu,Navas,90,63,2022
9,21198,Sant Andreu,Navas,91,63,2022
9,21636,Sant Andreu,Navas,92,63,2022
9,21622,Sant Andreu,Navas,93,63,2022
9,21764,Sant Andreu,Navas,94,63,2022
9,21868,Sant Andreu,Navas,95,63,2022
9,19372,Sant Andreu,la Sagrera,156,61,2022
10,19961,Sant Martí,el Camp de l'Arpa del Clot,1,64,2022
10,21259,Sant Martí,el Camp de l'Arpa del Clot,2,64,2022
10,21904,Sant Martí,el Camp de l'Arpa del Clot,3,64,2022
10,21144,Sant Martí,el Camp de l'Arpa del Clot,4,64,2022
10,22222,Sant Martí,el Camp de l'Arpa del Clot,5,64,2022
10,24482,Sant Martí,el Camp de l'Arpa del Clot,6,64,2022
10,28803,Sant Martí,el Camp de l'Arpa del Clot,7,64,2022
10,22879,Sant Martí,el Camp de l'Arpa del Clot,8,64,2022
10,23043,Sant Martí,el Camp de l'Arpa del Clot,9,64,2022
10,21641,Sant Martí,el Camp de l'Arpa del Clot,10,64,2022
10,24347,Sant Martí,el Camp de l'Arpa del Clot,11,64,2022
10,23365,Sant Martí,el Camp de l'Arpa del Clot,12,64,2022
10,22895,Sant Martí,el Camp de l'Arpa del Clot,13,64,2022
10,22218,Sant Martí,el Camp de l'Arpa del Clot,14,64,2022
10,22038,Sant Martí,el Camp de l'Arpa del Clot,15,64,2022
10,23922,Sant Martí,el Camp de l'Arpa del Clot,16,64,2022
10,22146,Sant Martí,el Camp de l'Arpa del Clot,17,64,2022
10,20701,Sant Martí,el Camp de l'Arpa del Clot,18,64,2022
10,22131,Sant Martí,el Camp de l'Arpa del Clot,19,64,2022
10,20356,Sant Martí,el Camp de l'Arpa del Clot,20,64,2022
10,19977,Sant Martí,el Camp de l'Arpa del Clot,21,64,2022
10,21967,Sant Martí,el Camp de l'Arpa del Clot,22,64,2022
10,21595,Sant Martí,el Camp de l'Arpa del Clot,23,64,2022
10,22711,Sant Martí,el Camp de l'Arpa del Clot,24,64,2022
10,21551,Sant Martí,el Camp de l'Arpa del Clot,25,64,2022
10,23784,Sant Martí,el Clot,26,65,2022
10,22318,Sant Martí,el Clot,27,65,2022
10,21169,Sant Martí,el Clot,28,65,2022
10,20908,Sant Martí,el Clot,29,65,2022
10,21166,Sant Martí,el Clot,30,65,2022
10,21701,Sant Martí,el Clot,31,65,2022
10,23539,Sant Martí,el Clot,32,65,2022
10,24547,Sant Martí,el Clot,33,65,2022
10,20932,Sant Martí,el Clot,34,65,2022
10,23664,Sant Martí,el Clot,35,65,2022
10,24463,Sant Martí,el Clot,36,65,2022
10,17614,Sant Martí,el Clot,37,65,2022
10,23076,Sant Martí,el Clot,38,65,2022
10,20676,Sant Martí,el Clot,39,65,2022
10,21704,Sant Martí,el Clot,40,65,2022
10,22296,Sant Martí,el Clot,41,65,2022
10,20128,Sant Martí,el Parc i la Llacuna del Poblenou,42,66,2022
10,22526,Sant Martí,el Parc i la Llacuna del Poblenou,43,66,2022
10,22594,Sant Martí,el Parc i la Llacuna del Poblenou,44,66,2022
10,25267,Sant Martí,el Parc i la Llacuna del Poblenou,45,66,2022
10,24875,Sant Martí,el Parc i la Llacuna del Poblenou,46,66,2022
10,24245,Sant Martí,el Parc i la Llacuna del Poblenou,47,66,2022
10,25433,Sant Martí,el Parc i la Llacuna del Poblenou,48,66,2022
10,22686,Sant Martí,el Parc i la Llacuna del Poblenou,49,66,2022
10,24492,Sant Martí,el Parc i la Llacuna del Poblenou,50,66,2022
10,24673,Sant Martí,la Vila Olímpica del Poblenou,51,67,2022
10,32434,Sant Martí,la Vila Olímpica del Poblenou,52,67,2022
10,39389,Sant Martí,la Vila Olímpica del Poblenou,53,67,2022
10,30270,Sant Martí,la Vila Olímpica del Poblenou,54,67,2022
10,33672,Sant Martí,la Vila Olímpica del Poblenou,55,67,2022
10,21064,Sant Martí,el Poblenou,56,68,2022
10,21136,Sant Martí,el Poblenou,57,68,2022
10,21303,Sant Martí,el Poblenou,58,68,2022
10,24881,Sant Martí,el Poblenou,59,68,2022
10,21734,Sant Martí,el Poblenou,60,68,2022
10,24864,Sant Martí,el Poblenou,61,68,2022
10,23579,Sant Martí,el Poblenou,62,68,2022
10,24047,Sant Martí,el Poblenou,63,68,2022
10,25068,Sant Martí,el Poblenou,64,68,2022
10,24311,Sant Martí,el Poblenou,65,68,2022
10,24252,Sant Martí,el Poblenou,66,68,2022
10,31046,Sant Martí,el Poblenou,67,68,2022
10,26477,Sant Martí,el Poblenou,68,68,2022
10,27283,Sant Martí,el Poblenou,69,68,2022
10,22648,Sant Martí,el Poblenou,70,68,2022
10,25325,Sant Martí,el Poblenou,71,68,2022
10,23180,Sant Martí,el Poblenou,72,68,2022
10,20956,Sant Martí,el Poblenou,73,68,2022
10,21294,Sant Martí,el Poblenou,74,68,2022
10,20981,Sant Martí,el Poblenou,75,68,2022
10,25619,Sant Martí,Diagonal Mar i el Front Marítim del Poblenou,76,69,2022
10,28807,Sant Martí,Diagonal Mar i el Front Marítim del Poblenou,77,69,2022
10,29100,Sant Martí,Diagonal Mar i el Front Marítim del Poblenou,78,69,2022
10,24494,Sant Martí,Diagonal Mar i el Front Marítim del Poblenou,79,69,2022
10,31237,Sant Martí,Diagonal Mar i el Front Marítim del Poblenou,80,69,2022
10,16780,Sant Martí,el Besòs i el Maresme,81,70,2022
10,10515,Sant Martí,el Besòs i el Maresme,82,70,2022
10,9572,Sant Martí,el Besòs i el Maresme,83,70,2022
10,12536,Sant Martí,el Besòs i el Maresme,84,70,2022
10,11679,Sant Martí,el Besòs i el Maresme,85,70,2022
10,13735,Sant Martí,el Besòs i el Maresme,86,70,2022
10,13547,Sant Martí,el Besòs i el Maresme,87,70,2022
10,18730,Sant Martí,el Besòs i el Maresme,88,70,2022
10,13692,Sant Martí,el Besòs i el Maresme,89,70,2022
10,15516,Sant Martí,el Besòs i el Maresme,90,70,2022
10,17489,Sant Martí,el Besòs i el Maresme,91,70,2022
10,20616,Sant Martí,el Besòs i el Maresme,92,70,2022
10,21547,Sant Martí,el Besòs i el Maresme,93,70,2022
10,23220,Sant Martí,Provençals del Poblenou,94,71,2022
10,19213,Sant Martí,Provençals del Poblenou,95,71,2022
10,24078,Sant Martí,Provençals del Poblenou,96,71,2022
10,24989,Sant Martí,Provençals del Poblenou,97,71,2022
10,23393,Sant Martí,Provençals del Poblenou,98,71,2022
10,16386,Sant Martí,Provençals del Poblenou,99,71,2022
10,18450,Sant Martí,Provençals del Poblenou,100,71,2022
10,18647,Sant Martí,Provençals del Poblenou,101,71,2022
10,18409,Sant Martí,Provençals del Poblenou,102,71,2022
10,20021,Sant Martí,Provençals del Poblenou,103,71,2022
10,22703,Sant Martí,Provençals del Poblenou,104,71,2022
10,20822,Sant Martí,Sant Martí de Provençals,105,72,2022
10,20250,Sant Martí,Sant Martí de Provençals,106,72,2022
10,24358,Sant Martí,Sant Martí de Provençals,107,72,2022
10,19937,Sant Martí,Sant Martí de Provençals,108,72,2022
10,18685,Sant Martí,Sant Martí de Provençals,109,72,2022
10,18420,Sant Martí,Sant Martí de Provençals,110,72,2022
10,19560,Sant Martí,Sant Martí de Provençals,111,72,2022
10,23056,Sant Martí,Sant Martí de Provençals,112,72,2022
10,19093,Sant Martí,Sant Martí de Provençals,113,72,2022
10,16398,Sant Martí,Sant Martí de Provençals,114,72,2022
10,18000,Sant Martí,Sant Martí de Provençals,115,72,2022
10,17523,Sant Martí,Sant Martí de Provençals,116,72,2022
10,19259,Sant Martí,Sant Martí de Provençals,117,72,2022
10,23501,Sant Martí,Sant Martí de Provençals,118,72,2022
10,17443,Sant Martí,Sant Martí de Provençals,119,72,2022
10,18414,Sant Martí,Sant Martí de Provençals,120,72,2022
10,17734,Sant Martí,Sant Martí de Provençals,121,72,2022
10,22071,Sant Martí,Sant Martí de Provençals,122,72,2022
10,20091,Sant Martí,la Verneda i la Pau,123,73,2022
10,20263,Sant Martí,la Verneda i la Pau,124,73,2022
10,18186,Sant Martí,la Verneda i la Pau,125,73,2022
10,19505,Sant Martí,la Verneda i la Pau,126,73,2022
10,20864,Sant Martí,la Verneda i la Pau,127,73,2022
10,21346,Sant Martí,la Verneda i la Pau,128,73,2022
10,21053,Sant Martí,la Verneda i la Pau,129,73,2022
10,19804,Sant Martí,la Verneda i la Pau,130,73,2022
10,23106,Sant Martí,la Verneda i la Pau,131,73,2022
10,17613,Sant Martí,la Verneda i la Pau,132,73,2022
10,17163,Sant Martí,la Verneda i la Pau,133,73,2022
10,17326,Sant Martí,la Verneda i la Pau,134,73,2022
10,17668,Sant Martí,la Verneda i la Pau,135,73,2022
10,17681,Sant Martí,la Verneda i la Pau,136,73,2022
10,16165,Sant Martí,la Verneda i la Pau,137,73,2022
10,14054,Sant Martí,la Verneda i la Pau,138,73,2022
10,15838,Sant Martí,la Verneda i la Pau,139,73,2022
10,15926,Sant Martí,la Verneda i la Pau,140,73,2022
10,16256,Sant Martí,la Verneda i la Pau,141,73,2022
10,15399,Sant Martí,la Verneda i la Pau,142,73,2022
10,16402,Sant Martí,la Verneda i la Pau,143,73,2022
10,21047,Sant Martí,el Clot,234,65,2022
10,18576,Sant Martí,Diagonal Mar i el Front Marítim del Poblenou,235,69,2022
10,19369,Sant Martí,Diagonal Mar i el Front Marítim del Poblenou,236,69,2022
10,17676,Sant Martí,Provençals del Poblenou,237,71,2022
